<?xml version="1.0" encoding="UTF-8"?>
<project-private xmlns="http://www.netbeans.org/ns/project-private/1">
    <editor-bookmarks xmlns="http://www.netbeans.org/ns/editor-bookmarks/2" lastBookmarkId="0"/>
    <open-files xmlns="http://www.netbeans.org/ns/projectui-open-files/2">
        <group>
            <file>file:/C:/AppServ/www/369/admin/listar_materiales.php</file>
            <file>file:/C:/AppServ/www/369/admin/listar_movimientos.php</file>
            <file>file:/C:/AppServ/www/369/admin/equipos.php</file>
            <file>file:/C:/AppServ/www/369/admin/control_almacen.php</file>
        </group>
    </open-files>
</project-private>
